{"loss_ce": 0.12571674585342407, "_timestamp": 1650277890, "_runtime": 199, "_step": 450, "loss_aux": 0.001213877578265965, "lam": 0.5, "loss": 0.10781829804182053, "acc": 0.9580302238464083, "miou": 0.4790151119232042, "mf1": 0.4892826238592884, "iou_0": 0.9580302238464083, "iou_1": 0.0, "F1_0": 0.9785652477185768, "F1_1": 0.0, "precision_0": 0.9580302238464083, "precision_1": 0.0, "recall_0": 0.9999999999999704, "recall_1": 0.0, "_wandb": {"runtime": 200}}