{"loss_ce": 0.16257330775260925, "_timestamp": 1650280250, "_runtime": 1802, "_step": 4372, "loss_aux": 7.735066901659593e-05, "lam": 5, "loss": 0.13580191135406494, "acc": 0.9580302238464083, "miou": 0.4790151119232042, "mf1": 0.4892826238592884, "iou_0": 0.9580302238464083, "iou_1": 0.0, "F1_0": 0.9785652477185768, "F1_1": 0.0, "precision_0": 0.9580302238464083, "precision_1": 0.0, "recall_0": 0.9999999999999704, "recall_1": 0.0}