{"loss_ce": 0.12490399181842804, "_timestamp": 1650274618, "_runtime": 660, "_step": 1680, "loss_aux": 0.0008245802018791437, "lam": 0.5, "loss": 0.10804988443851471, "_wandb": {"runtime": 662}}